[{"date":"2022-12-01T00:00:00Z","event":"http://www.wikidata.org/entity/Q98078815","eventLabel":"2022 Gujarat Legislative Assembly election"},{"date":"2022-11-11T00:00:00Z","event":"http://www.wikidata.org/entity/Q111333196","eventLabel":"2022 São Paulo Grand Prix"},{"date":"2022-11-18T00:00:00Z","event":"http://www.wikidata.org/entity/Q111333424","eventLabel":"2022 Abu Dhabi Grand Prix"},{"date":"2022-12-04T00:00:00Z","event":"http://www.wikidata.org/entity/Q111662933","eventLabel":"ACCV 2022"},{"date":"2022-12-03T00:00:00Z","event":"http://www.wikidata.org/entity/Q113681889","eventLabel":"2022 Republican Congress"},{"date":"2022-12-10T00:00:00Z","event":"http://www.wikidata.org/entity/Q113681889","eventLabel":"2022 Republican Congress"},{"date":"2022-11-30T00:00:00Z","event":"http://www.wikidata.org/entity/Q113956029","eventLabel":"Sprogteknologisk Konference 2022"},{"date":"2022-11-26T00:00:00Z","event":"http://www.wikidata.org/entity/Q113971667","eventLabel":"Asia-Oceania Korfball Championship 2022"},{"date":"2022-11-11T00:00:00Z","event":"http://www.wikidata.org/entity/Q114242016","eventLabel":"WikiConference North America 2022"},{"date":"2022-11-27T00:00:00Z","event":"http://www.wikidata.org/entity/Q114666459"}]